[
  {
    "id": "/subscriptions/a19e4b46-7a7f-468b-a389-441f4d3de79f/resourceGroups/test/providers/Microsoft.Resources/deployments/Microsoft.Web-StaticApp-Portal-10eec1d7-87cf/operations/AB951D2D345E259E",
    "operationId": "AB951D2D345E259E",
    "properties": {
      "provisioningOperation": "Create",
      "provisioningState": "Succeeded",
      "timestamp": "2021-05-30T08:54:02.2585641Z",
      "duration": "PT5.2357412S",
      "trackingId": "02c50995-e2e5-4705-8f4a-e3e3e05c3107",
      "serviceRequestId": "6862b352-75ff-425c-aaa9-fde2217f95ba",
      "statusCode": "OK",
      "targetResource": {
        "id": "/subscriptions/a19e4b46-7a7f-468b-a389-441f4d3de79f/resourceGroups/test/providers/Microsoft.Web/staticSites/azurecvresume",
        "resourceType": "Microsoft.Web/staticSites",
        "resourceName": "azurecvresume"
      }
    }
  },
  {
    "id": "/subscriptions/a19e4b46-7a7f-468b-a389-441f4d3de79f/resourceGroups/test/providers/Microsoft.Resources/deployments/Microsoft.Web-StaticApp-Portal-10eec1d7-87cf/operations/08585792420522612991",
    "operationId": "08585792420522612991",
    "properties": {
      "provisioningOperation": "EvaluateDeploymentOutput",
      "provisioningState": "Succeeded",
      "timestamp": "2021-05-30T08:54:02.3261463Z",
      "duration": "PT5.3033234S",
      "trackingId": "b8564022-5f2b-4c90-baca-361a928020a8",
      "statusCode": "OK"
    }
  }
]