{
  "id": "/subscriptions/a19e4b46-7a7f-468b-a389-441f4d3de79f/resourceGroups/test/providers/Microsoft.Resources/deployments/Microsoft.Web-StaticApp-Portal-10eec1d7-87cf",
  "name": "Microsoft.Web-StaticApp-Portal-10eec1d7-87cf",
  "type": "Microsoft.Resources/deployments",
  "tags": {
    "primaryResourceId": "/subscriptions/a19e4b46-7a7f-468b-a389-441f4d3de79f/resourcegroups/test/providers/Microsoft.Web/staticSites/azurecvresume",
    "marketplaceItemId": "Microsoft.StaticApp"
  },
  "properties": {
    "templateHash": "5014238527440445932",
    "parameters": {
      "name": {
        "type": "String",
        "value": "azurecvresume"
      },
      "location": {
        "type": "String",
        "value": "centralus"
      },
      "sku": {
        "type": "String",
        "value": "Free"
      },
      "skucode": {
        "type": "String",
        "value": "Free"
      }
    },
    "mode": "Incremental",
    "debugSetting": {
      "detailLevel": "None"
    },
    "provisioningState": "Succeeded",
    "timestamp": "2021-05-30T08:54:02.3444312Z",
    "duration": "PT9.1281142S",
    "correlationId": "7bcb49cf-9829-43f8-b995-4f3d2f45e86e",
    "providers": [
      {
        "namespace": "Microsoft.Web",
        "resourceTypes": [
          {
            "resourceType": "staticSites",
            "locations": [
              "centralus"
            ]
          }
        ]
      }
    ],
    "dependencies": [],
    "outputResources": [
      {
        "id": "/subscriptions/a19e4b46-7a7f-468b-a389-441f4d3de79f/resourceGroups/test/providers/Microsoft.Web/staticSites/azurecvresume"
      }
    ],
    "validationLevel": "Template"
  }
}